{
    "healthy": {
        "precision": 0.99609375,
        "recall": 1.0,
        "f1-score": 0.9980430528375733,
        "support": 765.0
    },
    "powdery_mildew": {
        "precision": 1.0,
        "recall": 0.9970501474926253,
        "f1-score": 0.9985228951255539,
        "support": 1017.0
    },
    "accuracy": 0.9983164983164983,
    "macro avg": {
        "precision": 0.998046875,
        "recall": 0.9985250737463127,
        "f1-score": 0.9982829739815636,
        "support": 1782.0
    },
    "weighted avg": {
        "precision": 0.9983230744949495,
        "recall": 0.9983164983164983,
        "f1-score": 0.998316902224148,
        "support": 1782.0
    }
}