{
    "healthy": {
        "precision": 0.9929078014184397,
        "recall": 1.0,
        "f1-score": 0.99644128113879,
        "support": 420.0
    },
    "powdery_mildew": {
        "precision": 1.0,
        "recall": 0.9928571428571429,
        "f1-score": 0.996415770609319,
        "support": 420.0
    },
    "accuracy": 0.9964285714285714,
    "macro avg": {
        "precision": 0.9964539007092199,
        "recall": 0.9964285714285714,
        "f1-score": 0.9964285258740545,
        "support": 840.0
    },
    "weighted avg": {
        "precision": 0.9964539007092198,
        "recall": 0.9964285714285714,
        "f1-score": 0.9964285258740544,
        "support": 840.0
    }
}