{"accuracy": [0.752467930316925, 0.9730997085571289, 0.9881539940834045, 0.9854393005371094, 0.9965448975563049, 0.9928430318832397, 0.9861796498298645, 0.9940770268440247, 0.9911155104637146, 0.9967917203903198, 0.9930898547172546, 0.9906219244003296, 0.9874136447906494, 0.9958045482635498, 0.9943237900733948, 0.9913622736930847, 0.9876604080200195, 0.9955577254295349, 0.998519241809845, 0.9846988916397095], "loss": [0.4635655879974365, 0.11055223643779755, 0.050203658640384674, 0.043632812798023224, 0.012649706564843655, 0.025260979309678078, 0.037779130041599274, 0.017193665727972984, 0.03192846104502678, 0.007793974597007036, 0.020275957882404327, 0.027334008365869522, 0.05068955197930336, 0.014468840323388577, 0.015089916065335274, 0.025410160422325134, 0.04239160940051079, 0.012430403381586075, 0.006205813027918339, 0.05080391466617584], "val_accuracy": [0.9741863012313843, 0.9831649661064148, 0.9826037883758545, 0.9921436309814453, 0.9932659864425659, 0.9915825128555298, 0.9893378019332886, 0.9870931506156921, 0.9831649661064148, 0.9927048087120056, 0.9831649661064148, 0.9955106377601624, 0.9932659864425659, 0.9910213351249695, 0.9971941709518433, 0.9983165264129639, 0.9943883419036865, 0.982042670249939, 0.9960718154907227, 0.9781144857406616], "val_loss": [0.214934840798378, 0.10231179744005203, 0.08432085812091827, 0.019192542880773544, 0.01799694262444973, 0.024305256083607674, 0.03991909325122833, 0.02981656789779663, 0.05631038919091225, 0.013355751521885395, 0.05820230022072792, 0.008963990956544876, 0.018653860315680504, 0.022113323211669922, 0.0079041738063097, 0.004403973929584026, 0.01666204258799553, 0.052447687834501266, 0.008108053356409073, 0.07323266565799713]}