{"accuracy": [0.6413043737411499, 0.95652174949646, 0.984035313129425, 0.991847813129425, 0.9915081262588501, 0.99660325050354, 0.9881114363670349, 0.9898098111152649, 0.9949048757553101, 0.9928668737411499, 0.9949048757553101, 0.990828812122345], "loss": [0.5919733643531799, 0.1593109667301178, 0.055655382573604584, 0.03030116856098175, 0.027878621593117714, 0.013029905967414379, 0.03167194128036499, 0.027220871299505234, 0.01647537387907505, 0.023284168913960457, 0.013063954189419746, 0.028577862307429314], "val_accuracy": [0.9726190567016602, 0.9809523820877075, 0.9809523820877075, 0.9869047403335571, 0.9940476417541504, 0.9869047403335571, 0.9988095164299011, 0.9904761910438538, 0.9904761910438538, 0.9904761910438538, 0.9452381134033203, 0.9976190328598022], "val_loss": [0.1890469193458557, 0.08496967703104019, 0.0670698881149292, 0.06136232241988182, 0.012142233550548553, 0.04675507918000221, 0.0035499311052262783, 0.034916527569293976, 0.026552658528089523, 0.018786631524562836, 0.1838618516921997, 0.005534789524972439]}