{"accuracy": [0.6667798757553101, 0.9745244383811951, 0.984714686870575, 0.99048912525177, 0.99388587474823, 0.99388587474823, 0.976902186870575, 0.993546187877655, 0.9962635636329651, 0.9850543737411499, 0.984035313129425, 0.985733687877655, 0.9942255616188049, 0.993546187877655], "loss": [0.5770827531814575, 0.11854438483715057, 0.06796153634786606, 0.03692266717553139, 0.022068889811635017, 0.021009445190429688, 0.06273563951253891, 0.0188172347843647, 0.013455069623887539, 0.04238799214363098, 0.045448023825883865, 0.041841331869363785, 0.018419574946165085, 0.023681912571191788], "val_accuracy": [0.9690476059913635, 0.988095223903656, 0.9845238327980042, 0.9833333492279053, 0.9928571581840515, 0.9809523820877075, 0.9916666746139526, 0.9988095164299011, 0.9964285492897034, 0.9964285492897034, 0.9964285492897034, 0.9904761910438538, 0.9964285492897034, 0.9988095164299011], "val_loss": [0.23321814835071564, 0.08351494371891022, 0.08078122138977051, 0.06526528298854828, 0.020597081631422043, 0.056088533252477646, 0.01953962631523609, 0.017523547634482384, 0.007462364621460438, 0.012934916652739048, 0.008945469744503498, 0.02795346826314926, 0.007754079531878233, 0.011489126831293106]}