{"loss": [0.5067459940910339, 0.11510009318590164, 0.043454039841890335, 0.07374778389930725, 0.022793743759393692, 0.024640535935759544, 0.03415580093860626, 0.017695652320981026, 0.06969773769378662, 0.010157253593206406, 0.029109550639986992], "accuracy": [0.7188481688499451, 0.9675392508506775, 0.9876963496208191, 0.9787958264350891, 0.9918848276138306, 0.990575909614563, 0.990052342414856, 0.9942408204078674, 0.9832460880279541, 0.9971204400062561, 0.9903141260147095], "val_loss": [0.14942075312137604, 0.08361409604549408, 0.08735093474388123, 0.04403016343712807, 0.025033025071024895, 0.001959608169272542, 0.04331094026565552, 0.004260271787643433, 0.03142238035798073, 0.0020441473461687565, 0.22091741859912872], "val_accuracy": [0.972865641117096, 0.9847782850265503, 0.9808074235916138, 0.9887491464614868, 0.991396427154541, 1.0, 0.9854401350021362, 0.9993382096290588, 0.9880873560905457, 0.9993382096290588, 0.9285241365432739]}