{"loss": [0.47107982635498047, 0.07225887477397919, 0.04222308099269867, 0.024697711691260338, 0.058541133999824524, 0.03140246123075485, 0.011199642904102802, 0.021321086212992668, 0.014309397898614407, 0.020693307742476463, 0.01308983750641346, 0.0106272017583251, 0.07539184391498566, 0.019378313794732094, 0.03604767471551895, 0.015561065636575222, 0.010680655017495155, 0.010709947906434536, 0.005431686528027058, 0.04408308491110802], "accuracy": [0.7612565159797668, 0.9803664684295654, 0.9853402972221375, 0.9926701784133911, 0.9808900356292725, 0.9924083948135376, 0.9979057312011719, 0.9918848276138306, 0.995549738407135, 0.9934554696083069, 0.9958115220069885, 0.9973822236061096, 0.9824607372283936, 0.9939790368080139, 0.9884817004203796, 0.9952879548072815, 0.9971204400062561, 0.9965968728065491, 0.9984292984008789, 0.9876963496208191], "val_loss": [0.0852227509021759, 0.13640986382961273, 0.04763917997479439, 0.02723231166601181, 0.05069961026310921, 0.0689767375588417, 0.004645456559956074, 0.014257132075726986, 0.020596900954842567, 0.012677810154855251, 0.0060290442779660225, 0.0021980558522045612, 0.02310042828321457, 0.0016539222560822964, 0.018251042813062668, 0.006203345954418182, 0.02757231704890728, 0.00028252435731701553, 0.0003969175450038165, 0.005669086240231991], "val_accuracy": [0.982792854309082, 0.972865641117096, 0.9894109964370728, 0.9927200675010681, 0.9867637157440186, 0.9841164946556091, 0.9980145692825317, 0.9960291385650635, 0.9933818578720093, 0.9940437078475952, 0.9980145692825317, 0.9993382096290588, 0.9927200675010681, 1.0, 0.9933818578720093, 0.9973527193069458, 0.9907346367835999, 1.0, 1.0, 0.9986763596534729]}