{"accuracy": [0.7856972813606262, 0.9773539900779724, 0.9706794023513794, 0.989272952079773, 0.9890345931053162, 0.988319456577301, 0.994994044303894, 0.9938021302223206, 0.9938021302223206, 0.9973778128623962, 0.9954708218574524, 0.9921334981918335, 0.9964243173599243, 0.994994044303894, 0.9940405488014221, 0.9990465044975281], "loss": [0.4099261164665222, 0.08914296329021454, 0.09162315726280212, 0.03733624890446663, 0.035396043211221695, 0.036854203790426254, 0.017047258093953133, 0.024093834683299065, 0.021840520203113556, 0.00665205018594861, 0.010453230701386929, 0.02335130237042904, 0.00845184363424778, 0.016338752582669258, 0.018613846972584724, 0.0043253712356090546], "val_accuracy": [0.9775028228759766, 0.9805024266242981, 0.9835020899772644, 0.9865016937255859, 0.9917510151863098, 0.9921259880065918, 0.9958755373954773, 0.9970003962516785, 0.9910011291503906, 0.9981252551078796, 0.9992501139640808, 0.9793775677680969, 0.9981252551078796, 0.9887514114379883, 0.9868766665458679, 0.9985001683235168], "val_loss": [0.16487950086593628, 0.11134271323680878, 0.07963521033525467, 0.03491000831127167, 0.020496590062975883, 0.019100818783044815, 0.013418343849480152, 0.009781695902347565, 0.019900036975741386, 0.0041224961169064045, 0.0024234324228018522, 0.08483520895242691, 0.00587609363719821, 0.04022635146975517, 0.030271803960204124, 0.003769561415538192]}