{"accuracy": [0.656589686870575, 0.9381793737411499, 0.9745244383811951, 0.983016312122345, 0.98097825050354, 0.990828812122345, 0.9945651888847351, 0.981317937374115, 0.983016312122345, 0.996942937374115, 0.9901494383811951, 0.99660325050354, 0.9976223111152649, 0.99388587474823, 0.99558424949646, 0.992527186870575, 0.9976223111152649, 0.9979619383811951, 0.99048912525177, 0.99558424949646], "loss": [0.6320055723190308, 0.18745918571949005, 0.08451387286186218, 0.05216238275170326, 0.05017116293311119, 0.028569819405674934, 0.018659360706806183, 0.04800185561180115, 0.045623160898685455, 0.00818061176687479, 0.034221917390823364, 0.008891389705240726, 0.008604285307228565, 0.019989559426903725, 0.01625237427651882, 0.024129245430231094, 0.007113654166460037, 0.00763605535030365, 0.026891816407442093, 0.0137634901329875], "val_accuracy": [0.738095223903656, 0.976190447807312, 0.9821428656578064, 0.9821428656578064, 0.949999988079071, 0.9857142567634583, 0.9845238327980042, 0.9821428656578064, 0.9869047403335571, 0.9976190328598022, 0.9952380657196045, 0.9952380657196045, 0.9916666746139526, 0.9892857074737549, 1.0, 0.9726190567016602, 0.9976190328598022, 0.9904761910438538, 0.9952380657196045, 1.0], "val_loss": [0.48644790053367615, 0.13470327854156494, 0.07057138532400131, 0.04973030462861061, 0.16934049129486084, 0.05362085998058319, 0.06933322548866272, 0.06744418293237686, 0.03632340580224991, 0.006719724275171757, 0.01100615132600069, 0.010474801994860172, 0.01962246187031269, 0.028244804590940475, 0.001037397887557745, 0.09358241409063339, 0.005293248221278191, 0.017597945407032967, 0.009358974173665047, 0.0016367946518585086]}