{
    "accuracy": 0.9964285714285714,
    "precision": 1.0,
    "recall": 0.9928571428571429,
    "f1_score": 0.996415770609319,
    "total_samples": 840,
    "true_positives": 417,
    "true_negatives": 420,
    "false_positives": 0,
    "false_negatives": 3
}