{"fpr": [0.0, 0.0, 0.0, 0.0, 0.0, 0.0, 0.0, 0.0, 0.0, 0.0, 0.0, 0.0, 0.0, 0.0, 0.0, 0.0, 0.0, 0.0, 0.0, 0.0, 0.0, 0.0, 0.0, 0.0, 0.0, 0.0, 0.0, 0.0, 0.0, 0.0, 0.0, 0.0, 0.0, 0.0, 0.0, 0.0, 0.0, 0.0, 0.0, 0.0, 0.0, 0.0, 0.0, 0.0, 0.0, 0.0, 0.0, 0.0, 0.0, 0.0, 0.0, 0.0, 0.0, 0.0, 0.0, 0.0, 0.0, 0.0, 0.0, 0.0, 0.0, 0.0, 0.0, 0.0, 0.0, 0.0, 0.0, 0.0, 0.0, 0.0, 0.0, 0.0, 0.0, 0.0, 0.0, 0.0, 0.0, 0.0, 1.0], "tpr": [0.0, 0.5786118980169972, 0.6246458923512748, 0.6607648725212465, 0.6770538243626062, 0.6926345609065155, 0.7060906515580736, 0.7223796033994334, 0.7344192634560907, 0.7422096317280453, 0.7485835694050992, 0.7542492917847026, 0.7620396600566572, 0.7641643059490085, 0.7691218130311614, 0.7712464589235127, 0.7769121813031161, 0.7818696883852692, 0.7839943342776204, 0.7854107648725213, 0.7889518413597734, 0.7903682719546742, 0.7939093484419264, 0.796742209631728, 0.8009915014164306, 0.8038243626062322, 0.8080736543909348, 0.8116147308781869, 0.8158640226628895, 0.8194050991501416, 0.8236543909348442, 0.8243626062322946, 0.8264872521246459, 0.8271954674220963, 0.8286118980169972, 0.8293201133144475, 0.8307365439093485, 0.8328611898016998, 0.8342776203966006, 0.8364022662889519, 0.8385269121813032, 0.8427762039660056, 0.8434844192634561, 0.8456090651558074, 0.8463172804532578, 0.8477337110481586, 0.8484419263456091, 0.8498583569405099, 0.8512747875354107, 0.853399433427762, 0.8548158640226629, 0.8562322946175638, 0.8569405099150141, 0.8583569405099151, 0.8590651558073654, 0.8618980169971672, 0.8626062322946175, 0.8668555240793201, 0.8703966005665722, 0.8718130311614731, 0.8739376770538244, 0.8753541076487252, 0.876770538243626, 0.8774787535410765, 0.8788951841359773, 0.8810198300283286, 0.8831444759206799, 0.8930594900849859, 0.8944759206798867, 0.9001416430594901, 0.9015580736543909, 0.9079320113314447, 0.9093484419263456, 0.9107648725212465, 0.9121813031161473, 0.9171388101983002, 0.9185552407932012, 1.0, 1.0], "auc": 1.0}