{"fpr": [0.0, 0.0, 0.0, 0.0, 0.0, 0.0, 0.0, 0.0, 0.0, 0.0, 0.0, 0.0, 0.0, 0.0, 0.0, 0.0, 0.0, 0.0, 0.0, 0.0, 0.0, 0.0, 0.0, 0.0, 0.0, 0.0, 0.0, 0.0, 0.0, 0.0, 0.0, 0.0, 0.0, 1.0], "tpr": [0.0, 0.5642857142857143, 0.5952380952380952, 0.6452380952380953, 0.6833333333333333, 0.7166666666666667, 0.7214285714285714, 0.7357142857142858, 0.7404761904761905, 0.7523809523809524, 0.7571428571428571, 0.7642857142857142, 0.7666666666666667, 0.7714285714285715, 0.7738095238095238, 0.7785714285714286, 0.780952380952381, 0.7857142857142857, 0.7880952380952381, 0.8119047619047619, 0.8166666666666667, 0.8214285714285714, 0.8261904761904761, 0.830952380952381, 0.8571428571428571, 0.861904761904762, 0.8809523809523809, 0.8857142857142857, 0.9, 0.9047619047619048, 0.930952380952381, 0.9357142857142857, 1.0, 1.0], "auc": 1.0}