{"fpr": [0.0, 0.0, 0.0, 0.0, 0.0, 0.0, 0.0, 0.0, 0.0, 0.0, 0.0, 0.0, 0.0, 0.0, 0.0, 0.0, 0.0, 0.0, 0.0, 0.0, 0.0, 0.0, 0.0, 0.0, 0.0, 0.0, 0.0, 0.0, 1.0], "tpr": [0.0, 0.5238095238095238, 0.5857142857142857, 0.6166666666666667, 0.6285714285714286, 0.65, 0.6738095238095239, 0.6928571428571428, 0.7071428571428572, 0.7119047619047619, 0.7261904761904762, 0.7309523809523809, 0.7452380952380953, 0.7571428571428571, 0.7619047619047619, 0.7761904761904762, 0.780952380952381, 0.7857142857142857, 0.7928571428571428, 0.7976190476190477, 0.8047619047619048, 0.8261904761904761, 0.830952380952381, 0.8857142857142857, 0.8904761904761904, 0.9071428571428571, 0.9119047619047619, 1.0, 1.0], "auc": 1.0}