{"fpr": [0.0, 0.0, 0.0, 0.0, 0.0, 0.0, 0.0, 0.0, 0.0, 0.0, 0.0, 0.0, 0.0, 0.0, 0.0, 0.0, 0.0, 0.0, 0.0, 0.0, 0.0, 0.0, 0.0, 0.0, 0.002380952380952381, 0.002380952380952381, 1.0], "tpr": [0.0, 0.5047619047619047, 0.6095238095238096, 0.6476190476190476, 0.6833333333333333, 0.7142857142857143, 0.7285714285714285, 0.7595238095238095, 0.7642857142857142, 0.780952380952381, 0.7857142857142857, 0.8047619047619048, 0.8095238095238095, 0.8166666666666667, 0.8214285714285714, 0.8261904761904761, 0.8380952380952381, 0.8404761904761905, 0.8523809523809524, 0.8547619047619047, 0.8642857142857143, 0.8952380952380953, 0.9, 0.9928571428571429, 0.9928571428571429, 1.0, 1.0], "auc": 0.9999829931972789}