{"fpr": [0.0, 0.0, 0.0, 0.0, 0.0, 0.0, 0.0, 0.0, 0.0, 0.0, 0.0, 0.0, 0.0, 0.0, 0.0, 0.0, 0.0, 0.0, 0.0, 0.0, 0.0, 0.0, 0.0, 0.0, 0.0, 0.0, 0.0, 0.0, 0.0, 0.0, 0.0, 0.0, 0.0, 0.0, 0.0, 0.0, 0.0, 0.0, 0.0, 0.0, 0.0, 0.0, 0.0, 0.0, 0.0, 0.0, 0.0, 0.0, 0.0, 0.0, 0.0, 0.0, 1.0], "tpr": [0.0, 0.004016064257028112, 0.5435073627844712, 0.5448460508701473, 0.6171352074966533, 0.6559571619812584, 0.6840696117804551, 0.6854082998661312, 0.7068273092369478, 0.7255689424364123, 0.7402945113788487, 0.7563587684069611, 0.7684069611780455, 0.7737617135207496, 0.7804551539491299, 0.7831325301204819, 0.7898259705488622, 0.7925033467202142, 0.8005354752342704, 0.8139223560910308, 0.8179384203480589, 0.8232931726907631, 0.8299866131191432, 0.8313253012048193, 0.8420348058902276, 0.8473895582329317, 0.8487282463186078, 0.8514056224899599, 0.8527443105756358, 0.8554216867469879, 0.856760374832664, 0.8594377510040161, 0.8607764390896921, 0.8647925033467202, 0.8688085676037484, 0.8714859437751004, 0.8741633199464525, 0.8768406961178046, 0.8808567603748326, 0.8835341365461847, 0.8862115127175368, 0.9036144578313253, 0.9062918340026773, 0.9076305220883534, 0.9103078982597055, 0.9116465863453815, 0.9170013386880856, 0.927710843373494, 0.9303882195448461, 0.9477911646586346, 0.9504685408299867, 1.0, 1.0], "auc": 1.0}