{"fpr": [0.0, 0.0, 0.0, 0.0, 0.0, 0.0, 0.0, 0.0, 0.0, 0.0, 0.0, 0.0, 0.0, 0.0, 0.0, 0.0, 0.0, 0.0, 0.0, 0.0, 0.0, 0.0, 0.0, 0.0, 0.0, 0.0, 0.0, 0.0, 0.0, 0.0, 0.0, 0.0, 0.0, 0.0, 0.0, 0.0, 0.0, 0.0, 0.0, 0.0, 0.0, 0.0, 0.0, 0.0, 0.0, 0.0, 0.0, 0.0, 0.0, 0.0, 0.0, 0.0, 0.0, 0.0, 0.0, 0.0, 0.0, 0.0, 0.0, 0.0, 0.0, 0.0, 0.0, 0.0, 0.0, 0.0, 0.0, 0.0, 0.0, 0.0, 0.0, 0.0, 0.0, 0.0, 0.0, 0.0, 0.0, 0.0, 0.0, 0.0, 0.0, 1.0], "tpr": [0.0, 0.002677376171352075, 0.20481927710843373, 0.2784471218206158, 0.3172690763052209, 0.3413654618473896, 0.36412315930388217, 0.38420348058902276, 0.3962516733601071, 0.4069611780455154, 0.41633199464524767, 0.4323962516733601, 0.4364123159303882, 0.4457831325301205, 0.44712182061579653, 0.4564926372155288, 0.46184738955823296, 0.47121820615796517, 0.4738955823293173, 0.4819277108433735, 0.48460508701472554, 0.4899598393574297, 0.4926372155287818, 0.500669344042838, 0.5020080321285141, 0.5046854082998661, 0.5100401606425703, 0.5113788487282463, 0.5167336010709505, 0.5207496653279786, 0.5287817938420348, 0.5327978580990629, 0.5381526104417671, 0.5421686746987951, 0.5475234270414994, 0.5515394912985274, 0.5542168674698795, 0.5555555555555556, 0.5582329317269076, 0.5595716198125836, 0.5676037483266398, 0.5729585006693441, 0.5756358768406962, 0.5783132530120482, 0.5809906291834003, 0.5836680053547524, 0.5876840696117804, 0.5903614457831325, 0.5917001338688086, 0.5943775100401606, 0.6010709504685409, 0.6037483266398929, 0.6104417670682731, 0.6144578313253012, 0.6171352074966533, 0.6198125836680054, 0.6305220883534136, 0.6331994645247657, 0.642570281124498, 0.6452476572958501, 0.6532797858099063, 0.6559571619812584, 0.6720214190093708, 0.6746987951807228, 0.6760374832663989, 0.678714859437751, 0.6800535475234271, 0.6827309236947792, 0.6974564926372155, 0.7001338688085676, 0.7175368139223561, 0.7202141900937081, 0.7282463186077643, 0.7309236947791165, 0.7483266398929049, 0.751004016064257, 0.7523427041499331, 0.7550200803212851, 0.8045515394912985, 0.8072289156626506, 1.0, 1.0], "auc": 1.0}