{"fpr": [0.0, 0.0, 0.0, 0.0, 0.0, 0.0, 0.0, 0.0, 0.0, 0.0, 0.0, 0.0, 0.0, 0.0, 0.0, 0.0, 0.0, 0.0, 0.0, 0.0, 0.0, 0.0, 0.0, 0.0, 0.0, 0.0, 0.0, 0.0, 0.0, 0.0, 0.0, 0.0, 0.0, 0.0, 0.0, 0.0, 0.0, 0.0, 0.0, 0.0, 0.0, 0.0, 0.0, 0.0, 0.0, 0.0, 0.0, 0.0, 0.0, 0.0, 0.0, 0.0, 0.0, 0.0, 0.0, 0.0, 0.0, 0.0, 0.0, 0.0, 0.0, 0.0, 0.0, 0.0, 0.0, 0.0, 0.0, 0.0, 0.0, 0.0, 0.0, 0.0, 0.0, 0.0, 0.0, 0.0, 0.0, 0.0, 0.0, 0.0, 0.0, 0.0, 0.0, 0.0, 0.0, 0.0, 0.0, 0.0, 0.0, 0.0, 0.0, 0.0, 0.0, 0.0, 0.0, 0.0, 0.0, 0.0, 0.0, 0.0, 0.0, 0.0, 0.0, 0.0, 0.0, 0.0, 0.0, 0.0, 0.0, 0.0, 0.0, 0.0, 0.0, 0.0, 0.0, 0.0, 0.0, 0.0, 0.0, 0.0, 0.0, 0.0, 0.0, 0.0, 0.0, 0.0, 0.0, 1.0], "tpr": [0.0, 0.24680432645034414, 0.288102261553589, 0.3254670599803343, 0.3480825958702065, 0.3697148475909538, 0.38741396263520156, 0.3992133726647001, 0.41887905604719766, 0.4296951819075713, 0.4365781710914454, 0.44837758112094395, 0.4552605703048181, 0.46017699115044247, 0.46804326450344147, 0.4690265486725664, 0.47099311701081614, 0.47394296951819076, 0.4778761061946903, 0.48770894788593905, 0.4896755162241888, 0.4945919370698132, 0.4975417895771878, 0.5014749262536873, 0.5034414945919371, 0.5063913470993117, 0.5103244837758112, 0.512291052114061, 0.5162241887905604, 0.5191740412979351, 0.5211406096361848, 0.5260570304818093, 0.5290068829891839, 0.5329400196656834, 0.5339233038348082, 0.5358898721730581, 0.5398230088495575, 0.5417895771878073, 0.543756145526057, 0.5467059980334317, 0.5496558505408063, 0.5555555555555556, 0.5594886922320551, 0.5614552605703048, 0.5644051130776795, 0.5683382497541789, 0.5693215339233039, 0.5732546705998034, 0.5752212389380531, 0.5771878072763028, 0.5781710914454278, 0.5801376597836775, 0.5830875122910522, 0.5850540806293019, 0.5870206489675516, 0.5899705014749262, 0.5909537856440511, 0.5929203539823009, 0.5939036381514258, 0.5958702064896755, 0.5978367748279253, 0.6007866273352999, 0.6037364798426745, 0.6096361848574238, 0.6125860373647984, 0.6145526057030481, 0.616519174041298, 0.6175024582104228, 0.6194690265486725, 0.6204523107177975, 0.6234021632251721, 0.6312684365781711, 0.6332350049164208, 0.6371681415929203, 0.6470009832841691, 0.6489675516224189, 0.6499508357915438, 0.6538839724680433, 0.655850540806293, 0.6578171091445427, 0.6597836774827925, 0.6617502458210422, 0.6647000983284169, 0.6666666666666666, 0.6686332350049164, 0.6735496558505408, 0.6755162241887905, 0.6774827925270404, 0.6794493608652901, 0.6814159292035398, 0.6833824975417896, 0.6873156342182891, 0.6892822025565388, 0.6912487708947886, 0.6941986234021632, 0.7158308751229105, 0.7177974434611603, 0.7197640117994101, 0.7217305801376598, 0.7227138643067846, 0.7246804326450345, 0.727630285152409, 0.7305801376597837, 0.7325467059980334, 0.7345132743362832, 0.7384464110127827, 0.7404129793510325, 0.7433628318584071, 0.744346116027532, 0.7463126843657817, 0.7492625368731564, 0.7512291052114061, 0.7748279252704031, 0.7767944936086529, 0.7797443461160275, 0.7817109144542773, 0.7856440511307768, 0.7876106194690266, 0.7895771878072763, 0.7915437561455261, 0.823992133726647, 0.8259587020648967, 0.8593903638151426, 0.8613569321533924, 0.8652900688298918, 0.8672566371681416, 1.0, 1.0], "auc": 1.0}